from,to,relationship
emp_1,dept_Executive,WORKS_IN
emp_1,role_CEO,HAS_ROLE
emp_1,loc_London,BASED_IN
emp_2,dept_Engineering,WORKS_IN
emp_2,role_CTO,HAS_ROLE
emp_2,loc_London,BASED_IN
emp_2,emp_1,REPORTS_TO
emp_3,dept_Product,WORKS_IN
emp_3,role_CPO,HAS_ROLE
emp_3,loc_London,BASED_IN
emp_3,emp_1,REPORTS_TO
emp_4,dept_Finance,WORKS_IN
emp_4,role_CFO,HAS_ROLE
emp_4,loc_Berlin,BASED_IN
emp_4,emp_1,REPORTS_TO
emp_5,dept_HR,WORKS_IN
emp_5,role_CHRO,HAS_ROLE
emp_5,loc_London,BASED_IN
emp_5,emp_1,REPORTS_TO
emp_6,dept_Sales,WORKS_IN
emp_6,role_CRO,HAS_ROLE
emp_6,loc_London,BASED_IN
emp_6,emp_1,REPORTS_TO
emp_7,dept_Marketing,WORKS_IN
emp_7,role_CMO,HAS_ROLE
emp_7,loc_Berlin,BASED_IN
emp_7,emp_1,REPORTS_TO
emp_8,dept_Legal,WORKS_IN
emp_8,role_General_Counsel,HAS_ROLE
emp_8,loc_Berlin,BASED_IN
emp_8,emp_1,REPORTS_TO
emp_9,dept_Operations,WORKS_IN
emp_9,role_COO,HAS_ROLE
emp_9,loc_Paris,BASED_IN
emp_9,emp_1,REPORTS_TO
emp_10,dept_Security,WORKS_IN
emp_10,role_CISO,HAS_ROLE
emp_10,loc_London,BASED_IN
emp_10,emp_1,REPORTS_TO
emp_11,dept_Data,WORKS_IN
emp_11,role_Chief_Data_Officer,HAS_ROLE
emp_11,loc_Paris,BASED_IN
emp_11,emp_1,REPORTS_TO
emp_12,dept_Engineering,WORKS_IN
emp_12,role_Engineering_Manager,HAS_ROLE
emp_12,loc_Dubai,BASED_IN
emp_12,emp_2,REPORTS_TO
emp_13,dept_Engineering,WORKS_IN
emp_13,role_VP_Engineering,HAS_ROLE
emp_13,loc_Paris,BASED_IN
emp_13,emp_2,REPORTS_TO
emp_14,dept_Product,WORKS_IN
emp_14,role_Product_Manager,HAS_ROLE
emp_14,loc_Amsterdam,BASED_IN
emp_14,emp_3,REPORTS_TO
emp_15,dept_Product,WORKS_IN
emp_15,role_Senior_Product_Manager,HAS_ROLE
emp_15,loc_Paris,BASED_IN
emp_15,emp_3,REPORTS_TO
emp_16,dept_Product,WORKS_IN
emp_16,role_Principal_Product_Manager,HAS_ROLE
emp_16,loc_Amsterdam,BASED_IN
emp_16,emp_3,REPORTS_TO
emp_17,dept_Finance,WORKS_IN
emp_17,role_Finance_Manager,HAS_ROLE
emp_17,loc_Dubai,BASED_IN
emp_17,emp_4,REPORTS_TO
emp_18,dept_Finance,WORKS_IN
emp_18,role_Finance_Director,HAS_ROLE
emp_18,loc_Paris,BASED_IN
emp_18,emp_4,REPORTS_TO
emp_19,dept_HR,WORKS_IN
emp_19,role_HR_Manager,HAS_ROLE
emp_19,loc_Amsterdam,BASED_IN
emp_19,emp_5,REPORTS_TO
emp_20,dept_HR,WORKS_IN
emp_20,role_HR_Director,HAS_ROLE
emp_20,loc_Paris,BASED_IN
emp_20,emp_5,REPORTS_TO
emp_21,dept_Sales,WORKS_IN
emp_21,role_Sales_Manager,HAS_ROLE
emp_21,loc_Dubai,BASED_IN
emp_21,emp_6,REPORTS_TO
emp_22,dept_Sales,WORKS_IN
emp_22,role_VP_Sales,HAS_ROLE
emp_22,loc_Berlin,BASED_IN
emp_22,emp_6,REPORTS_TO
emp_23,dept_Marketing,WORKS_IN
emp_23,role_Marketing_Manager,HAS_ROLE
emp_23,loc_Paris,BASED_IN
emp_23,emp_7,REPORTS_TO
emp_24,dept_Marketing,WORKS_IN
emp_24,role_Senior_Marketing_Manager,HAS_ROLE
emp_24,loc_Berlin,BASED_IN
emp_24,emp_7,REPORTS_TO
emp_25,dept_Marketing,WORKS_IN
emp_25,role_VP_Marketing,HAS_ROLE
emp_25,loc_Amsterdam,BASED_IN
emp_25,emp_7,REPORTS_TO
emp_26,dept_Operations,WORKS_IN
emp_26,role_Operations_Manager,HAS_ROLE
emp_26,loc_Berlin,BASED_IN
emp_26,emp_9,REPORTS_TO
emp_27,dept_Operations,WORKS_IN
emp_27,role_Senior_Operations_Manager,HAS_ROLE
emp_27,loc_London,BASED_IN
emp_27,emp_9,REPORTS_TO
emp_28,dept_Operations,WORKS_IN
emp_28,role_VP_Operations,HAS_ROLE
emp_28,loc_Dubai,BASED_IN
emp_28,emp_9,REPORTS_TO
emp_29,dept_Security,WORKS_IN
emp_29,role_Security_Manager,HAS_ROLE
emp_29,loc_Berlin,BASED_IN
emp_29,emp_10,REPORTS_TO
emp_30,dept_Data,WORKS_IN
emp_30,role_Head_of_Data,HAS_ROLE
emp_30,loc_Dubai,BASED_IN
emp_30,emp_11,REPORTS_TO
emp_31,dept_Operations,WORKS_IN
emp_31,role_Project_Manager,HAS_ROLE
emp_31,loc_Berlin,BASED_IN
emp_31,emp_28,REPORTS_TO
emp_32,dept_Security,WORKS_IN
emp_32,role_Security_Engineer,HAS_ROLE
emp_32,loc_Berlin,BASED_IN
emp_32,emp_29,REPORTS_TO
emp_33,dept_Security,WORKS_IN
emp_33,role_IT_Support_Specialist,HAS_ROLE
emp_33,loc_Madrid,BASED_IN
emp_33,emp_29,REPORTS_TO
emp_34,dept_Legal,WORKS_IN
emp_34,role_Paralegal,HAS_ROLE
emp_34,loc_Casablanca,BASED_IN
emp_34,emp_8,REPORTS_TO
emp_35,dept_Sales,WORKS_IN
emp_35,role_Sales_Analyst,HAS_ROLE
emp_35,loc_Amsterdam,BASED_IN
emp_35,emp_21,REPORTS_TO
emp_36,dept_Marketing,WORKS_IN
emp_36,role_Marketing_Coordinator,HAS_ROLE
emp_36,loc_Amsterdam,BASED_IN
emp_36,emp_24,REPORTS_TO
emp_37,dept_Finance,WORKS_IN
emp_37,role_Controller,HAS_ROLE
emp_37,loc_Berlin,BASED_IN
emp_37,emp_17,REPORTS_TO
emp_38,dept_Marketing,WORKS_IN
emp_38,role_Marketing_Manager,HAS_ROLE
emp_38,loc_London,BASED_IN
emp_38,emp_25,REPORTS_TO
emp_39,dept_Marketing,WORKS_IN
emp_39,role_Content_Specialist,HAS_ROLE
emp_39,loc_Amsterdam,BASED_IN
emp_39,emp_23,REPORTS_TO
emp_40,dept_Engineering,WORKS_IN
emp_40,role_Senior_Software_Engineer,HAS_ROLE
emp_40,loc_Paris,BASED_IN
emp_40,emp_12,REPORTS_TO
emp_41,dept_Finance,WORKS_IN
emp_41,role_Senior_Financial_Analyst,HAS_ROLE
emp_41,loc_Tunis,BASED_IN
emp_41,emp_18,REPORTS_TO
emp_42,dept_Security,WORKS_IN
emp_42,role_Senior_Security_Analyst,HAS_ROLE
emp_42,loc_Casablanca,BASED_IN
emp_42,emp_29,REPORTS_TO
emp_43,dept_Operations,WORKS_IN
emp_43,role_Operations_Analyst,HAS_ROLE
emp_43,loc_Berlin,BASED_IN
emp_43,emp_26,REPORTS_TO
emp_44,dept_HR,WORKS_IN
emp_44,role_HR_Coordinator,HAS_ROLE
emp_44,loc_Paris,BASED_IN
emp_44,emp_19,REPORTS_TO
emp_45,dept_Marketing,WORKS_IN
emp_45,role_Marketing_Coordinator,HAS_ROLE
emp_45,loc_Berlin,BASED_IN
emp_45,emp_25,REPORTS_TO
emp_46,dept_Finance,WORKS_IN
emp_46,role_Controller,HAS_ROLE
emp_46,loc_Tunis,BASED_IN
emp_46,emp_18,REPORTS_TO
emp_47,dept_Product,WORKS_IN
emp_47,role_Product_Manager,HAS_ROLE
emp_47,loc_Casablanca,BASED_IN
emp_47,emp_16,REPORTS_TO
emp_48,dept_Product,WORKS_IN
emp_48,role_Product_Manager,HAS_ROLE
emp_48,loc_Berlin,BASED_IN
emp_48,emp_15,REPORTS_TO
emp_49,dept_HR,WORKS_IN
emp_49,role_Recruiter,HAS_ROLE
emp_49,loc_Casablanca,BASED_IN
emp_49,emp_20,REPORTS_TO
emp_50,dept_Product,WORKS_IN
emp_50,role_Product_Analyst,HAS_ROLE
emp_50,loc_London,BASED_IN
emp_50,emp_16,REPORTS_TO
emp_51,dept_HR,WORKS_IN
emp_51,role_HR_Business_Partner,HAS_ROLE
emp_51,loc_Tunis,BASED_IN
emp_51,emp_20,REPORTS_TO
emp_52,dept_Finance,WORKS_IN
emp_52,role_Accountant,HAS_ROLE
emp_52,loc_Amsterdam,BASED_IN
emp_52,emp_17,REPORTS_TO
emp_53,dept_Security,WORKS_IN
emp_53,role_IT_Support_Specialist,HAS_ROLE
emp_53,loc_London,BASED_IN
emp_53,emp_29,REPORTS_TO
emp_54,dept_Security,WORKS_IN
emp_54,role_Security_Analyst,HAS_ROLE
emp_54,loc_Madrid,BASED_IN
emp_54,emp_29,REPORTS_TO
emp_55,dept_Security,WORKS_IN
emp_55,role_Security_Analyst,HAS_ROLE
emp_55,loc_Berlin,BASED_IN
emp_55,emp_29,REPORTS_TO
emp_56,dept_Product,WORKS_IN
emp_56,role_UX_Designer,HAS_ROLE
emp_56,loc_Paris,BASED_IN
emp_56,emp_14,REPORTS_TO
emp_57,dept_Data,WORKS_IN
emp_57,role_Data_Engineer,HAS_ROLE
emp_57,loc_Dubai,BASED_IN
emp_57,emp_30,REPORTS_TO
emp_58,dept_Sales,WORKS_IN
emp_58,role_Sales_Manager,HAS_ROLE
emp_58,loc_Dubai,BASED_IN
emp_58,emp_21,REPORTS_TO
emp_59,dept_Engineering,WORKS_IN
emp_59,role_Engineering_Manager,HAS_ROLE
emp_59,loc_Amsterdam,BASED_IN
emp_59,emp_12,REPORTS_TO
emp_60,dept_Marketing,WORKS_IN
emp_60,role_Marketing_Coordinator,HAS_ROLE
emp_60,loc_Amsterdam,BASED_IN
emp_60,emp_23,REPORTS_TO
emp_61,dept_Security,WORKS_IN
emp_61,role_Security_Analyst,HAS_ROLE
emp_61,loc_Madrid,BASED_IN
emp_61,emp_29,REPORTS_TO
emp_62,dept_Product,WORKS_IN
emp_62,role_Product_Manager,HAS_ROLE
emp_62,loc_Berlin,BASED_IN
emp_62,emp_16,REPORTS_TO
emp_63,dept_HR,WORKS_IN
emp_63,role_L&D_Specialist,HAS_ROLE
emp_63,loc_London,BASED_IN
emp_63,emp_20,REPORTS_TO
emp_64,dept_Legal,WORKS_IN
emp_64,role_Associate_General_Counsel,HAS_ROLE
emp_64,loc_Madrid,BASED_IN
emp_64,emp_8,REPORTS_TO
emp_65,dept_Security,WORKS_IN
emp_65,role_IT_Support_Specialist,HAS_ROLE
emp_65,loc_London,BASED_IN
emp_65,emp_29,REPORTS_TO
emp_66,dept_Data,WORKS_IN
emp_66,role_Data_Engineer,HAS_ROLE
emp_66,loc_Dubai,BASED_IN
emp_66,emp_30,REPORTS_TO
emp_67,dept_Marketing,WORKS_IN
emp_67,role_Marketing_Manager,HAS_ROLE
emp_67,loc_Tunis,BASED_IN
emp_67,emp_25,REPORTS_TO
emp_68,dept_Finance,WORKS_IN
emp_68,role_Senior_Financial_Analyst,HAS_ROLE
emp_68,loc_Tunis,BASED_IN
emp_68,emp_17,REPORTS_TO
emp_69,dept_Finance,WORKS_IN
emp_69,role_Finance_Manager,HAS_ROLE
emp_69,loc_Amsterdam,BASED_IN
emp_69,emp_18,REPORTS_TO
emp_70,dept_Product,WORKS_IN
emp_70,role_Product_Analyst,HAS_ROLE
emp_70,loc_Casablanca,BASED_IN
emp_70,emp_14,REPORTS_TO
emp_71,dept_Sales,WORKS_IN
emp_71,role_Account_Executive,HAS_ROLE
emp_71,loc_Dubai,BASED_IN
emp_71,emp_21,REPORTS_TO
emp_72,dept_Product,WORKS_IN
emp_72,role_Principal_Product_Manager,HAS_ROLE
emp_72,loc_Dubai,BASED_IN
emp_72,emp_15,REPORTS_TO
emp_73,dept_Product,WORKS_IN
emp_73,role_Principal_Product_Manager,HAS_ROLE
emp_73,loc_Tunis,BASED_IN
emp_73,emp_14,REPORTS_TO
emp_74,dept_Marketing,WORKS_IN
emp_74,role_Content_Specialist,HAS_ROLE
emp_74,loc_Berlin,BASED_IN
emp_74,emp_25,REPORTS_TO
emp_75,dept_Engineering,WORKS_IN
emp_75,role_QA_Engineer,HAS_ROLE
emp_75,loc_Dubai,BASED_IN
emp_75,emp_13,REPORTS_TO
emp_76,dept_Product,WORKS_IN
emp_76,role_Principal_Product_Manager,HAS_ROLE
emp_76,loc_Amsterdam,BASED_IN
emp_76,emp_16,REPORTS_TO
emp_77,dept_Legal,WORKS_IN
emp_77,role_Associate_General_Counsel,HAS_ROLE
emp_77,loc_Berlin,BASED_IN
emp_77,emp_8,REPORTS_TO
emp_78,dept_Legal,WORKS_IN
emp_78,role_Compliance_Officer,HAS_ROLE
emp_78,loc_London,BASED_IN
emp_78,emp_8,REPORTS_TO
emp_79,dept_Sales,WORKS_IN
emp_79,role_Account_Executive,HAS_ROLE
emp_79,loc_Dubai,BASED_IN
emp_79,emp_22,REPORTS_TO
emp_80,dept_Operations,WORKS_IN
emp_80,role_Project_Manager,HAS_ROLE
emp_80,loc_Madrid,BASED_IN
emp_80,emp_28,REPORTS_TO
emp_81,dept_Product,WORKS_IN
emp_81,role_Principal_Product_Manager,HAS_ROLE
emp_81,loc_Paris,BASED_IN
emp_81,emp_16,REPORTS_TO
emp_82,dept_Sales,WORKS_IN
emp_82,role_Account_Executive,HAS_ROLE
emp_82,loc_Casablanca,BASED_IN
emp_82,emp_21,REPORTS_TO
emp_83,dept_Product,WORKS_IN
emp_83,role_Product_Analyst,HAS_ROLE
emp_83,loc_Tunis,BASED_IN
emp_83,emp_15,REPORTS_TO
emp_84,dept_Legal,WORKS_IN
emp_84,role_Senior_Legal_Counsel,HAS_ROLE
emp_84,loc_Paris,BASED_IN
emp_84,emp_8,REPORTS_TO
emp_85,dept_HR,WORKS_IN
emp_85,role_HR_Business_Partner,HAS_ROLE
emp_85,loc_Paris,BASED_IN
emp_85,emp_20,REPORTS_TO
emp_86,dept_Finance,WORKS_IN
emp_86,role_Accountant,HAS_ROLE
emp_86,loc_Tunis,BASED_IN
emp_86,emp_18,REPORTS_TO
emp_87,dept_Operations,WORKS_IN
emp_87,role_Operations_Manager,HAS_ROLE
emp_87,loc_Berlin,BASED_IN
emp_87,emp_28,REPORTS_TO
emp_88,dept_Sales,WORKS_IN
emp_88,role_Sales_Analyst,HAS_ROLE
emp_88,loc_Paris,BASED_IN
emp_88,emp_22,REPORTS_TO
emp_89,dept_HR,WORKS_IN
emp_89,role_Senior_HR_Business_Partner,HAS_ROLE
emp_89,loc_Madrid,BASED_IN
emp_89,emp_20,REPORTS_TO
emp_90,dept_HR,WORKS_IN
emp_90,role_HR_Manager,HAS_ROLE
emp_90,loc_Tunis,BASED_IN
emp_90,emp_19,REPORTS_TO
emp_91,dept_Security,WORKS_IN
emp_91,role_IT_Support_Specialist,HAS_ROLE
emp_91,loc_London,BASED_IN
emp_91,emp_29,REPORTS_TO
emp_92,dept_Legal,WORKS_IN
emp_92,role_General_Counsel,HAS_ROLE
emp_92,loc_Berlin,BASED_IN
emp_92,emp_8,REPORTS_TO
emp_93,dept_HR,WORKS_IN
emp_93,role_Senior_HR_Business_Partner,HAS_ROLE
emp_93,loc_Tunis,BASED_IN
emp_93,emp_20,REPORTS_TO
emp_94,dept_Operations,WORKS_IN
emp_94,role_Operations_Manager,HAS_ROLE
emp_94,loc_Paris,BASED_IN
emp_94,emp_28,REPORTS_TO
emp_95,dept_Legal,WORKS_IN
emp_95,role_Senior_Legal_Counsel,HAS_ROLE
emp_95,loc_Dubai,BASED_IN
emp_95,emp_8,REPORTS_TO
emp_96,dept_Operations,WORKS_IN
emp_96,role_Senior_Operations_Manager,HAS_ROLE
emp_96,loc_Tunis,BASED_IN
emp_96,emp_27,REPORTS_TO
emp_97,dept_Product,WORKS_IN
emp_97,role_Product_Analyst,HAS_ROLE
emp_97,loc_Dubai,BASED_IN
emp_97,emp_14,REPORTS_TO
emp_98,dept_Product,WORKS_IN
emp_98,role_Product_Manager,HAS_ROLE
emp_98,loc_Berlin,BASED_IN
emp_98,emp_14,REPORTS_TO
emp_99,dept_Operations,WORKS_IN
emp_99,role_Operations_Analyst,HAS_ROLE
emp_99,loc_Dubai,BASED_IN
emp_99,emp_28,REPORTS_TO
emp_100,dept_Data,WORKS_IN
emp_100,role_Data_Engineer,HAS_ROLE
emp_100,loc_Amsterdam,BASED_IN
emp_100,emp_30,REPORTS_TO
emp_101,dept_Data,WORKS_IN
emp_101,role_Data_Analyst,HAS_ROLE
emp_101,loc_Tunis,BASED_IN
emp_101,emp_30,REPORTS_TO
emp_102,dept_Product,WORKS_IN
emp_102,role_UX_Designer,HAS_ROLE
emp_102,loc_Amsterdam,BASED_IN
emp_102,emp_16,REPORTS_TO
emp_103,dept_Data,WORKS_IN
emp_103,role_Data_Analyst,HAS_ROLE
emp_103,loc_Dubai,BASED_IN
emp_103,emp_30,REPORTS_TO
emp_104,dept_Security,WORKS_IN
emp_104,role_Security_Engineer,HAS_ROLE
emp_104,loc_Tunis,BASED_IN
emp_104,emp_29,REPORTS_TO
emp_105,dept_Operations,WORKS_IN
emp_105,role_Operations_Manager,HAS_ROLE
emp_105,loc_Amsterdam,BASED_IN
emp_105,emp_27,REPORTS_TO
emp_106,dept_Security,WORKS_IN
emp_106,role_IT_Support_Specialist,HAS_ROLE
emp_106,loc_Amsterdam,BASED_IN
emp_106,emp_29,REPORTS_TO
emp_107,dept_HR,WORKS_IN
emp_107,role_HR_Coordinator,HAS_ROLE
emp_107,loc_Casablanca,BASED_IN
emp_107,emp_20,REPORTS_TO
emp_108,dept_Data,WORKS_IN
emp_108,role_Senior_Data_Scientist,HAS_ROLE
emp_108,loc_Casablanca,BASED_IN
emp_108,emp_30,REPORTS_TO
emp_109,dept_Marketing,WORKS_IN
emp_109,role_Senior_Marketing_Manager,HAS_ROLE
emp_109,loc_Amsterdam,BASED_IN
emp_109,emp_24,REPORTS_TO
emp_110,dept_Engineering,WORKS_IN
emp_110,role_DevOps_Engineer,HAS_ROLE
emp_110,loc_Casablanca,BASED_IN
emp_110,emp_12,REPORTS_TO
emp_111,dept_HR,WORKS_IN
emp_111,role_L&D_Specialist,HAS_ROLE
emp_111,loc_London,BASED_IN
emp_111,emp_20,REPORTS_TO
emp_112,dept_Sales,WORKS_IN
emp_112,role_Account_Executive,HAS_ROLE
emp_112,loc_Dubai,BASED_IN
emp_112,emp_22,REPORTS_TO
emp_113,dept_Security,WORKS_IN
emp_113,role_Security_Manager,HAS_ROLE
emp_113,loc_Dubai,BASED_IN
emp_113,emp_29,REPORTS_TO
emp_114,dept_Operations,WORKS_IN
emp_114,role_Senior_Operations_Manager,HAS_ROLE
emp_114,loc_Berlin,BASED_IN
emp_114,emp_27,REPORTS_TO
emp_115,dept_Product,WORKS_IN
emp_115,role_UX_Designer,HAS_ROLE
emp_115,loc_Casablanca,BASED_IN
emp_115,emp_16,REPORTS_TO
emp_116,dept_Data,WORKS_IN
emp_116,role_Data_Engineer,HAS_ROLE
emp_116,loc_Berlin,BASED_IN
emp_116,emp_30,REPORTS_TO
emp_117,dept_Finance,WORKS_IN
emp_117,role_Finance_Manager,HAS_ROLE
emp_117,loc_London,BASED_IN
emp_117,emp_17,REPORTS_TO
emp_118,dept_Security,WORKS_IN
emp_118,role_Security_Engineer,HAS_ROLE
emp_118,loc_London,BASED_IN
emp_118,emp_29,REPORTS_TO
emp_119,dept_Sales,WORKS_IN
emp_119,role_Sales_Manager,HAS_ROLE
emp_119,loc_London,BASED_IN
emp_119,emp_22,REPORTS_TO
emp_120,dept_Operations,WORKS_IN
emp_120,role_Operations_Analyst,HAS_ROLE
emp_120,loc_London,BASED_IN
emp_120,emp_26,REPORTS_TO
emp_121,dept_Finance,WORKS_IN
emp_121,role_Controller,HAS_ROLE
emp_121,loc_Tunis,BASED_IN
emp_121,emp_18,REPORTS_TO
emp_122,dept_Operations,WORKS_IN
emp_122,role_Senior_Operations_Manager,HAS_ROLE
emp_122,loc_London,BASED_IN
emp_122,emp_28,REPORTS_TO
emp_123,dept_Product,WORKS_IN
emp_123,role_Senior_Product_Manager,HAS_ROLE
emp_123,loc_Madrid,BASED_IN
emp_123,emp_16,REPORTS_TO
emp_124,dept_Finance,WORKS_IN
emp_124,role_Controller,HAS_ROLE
emp_124,loc_Casablanca,BASED_IN
emp_124,emp_17,REPORTS_TO
emp_125,dept_Engineering,WORKS_IN
emp_125,role_Senior_Software_Engineer,HAS_ROLE
emp_125,loc_Casablanca,BASED_IN
emp_125,emp_13,REPORTS_TO
emp_126,dept_HR,WORKS_IN
emp_126,role_Senior_HR_Business_Partner,HAS_ROLE
emp_126,loc_Madrid,BASED_IN
emp_126,emp_19,REPORTS_TO
emp_127,dept_Finance,WORKS_IN
emp_127,role_Financial_Analyst,HAS_ROLE
emp_127,loc_Amsterdam,BASED_IN
emp_127,emp_17,REPORTS_TO
emp_128,dept_Product,WORKS_IN
emp_128,role_Product_Analyst,HAS_ROLE
emp_128,loc_Amsterdam,BASED_IN
emp_128,emp_16,REPORTS_TO
emp_129,dept_Security,WORKS_IN
emp_129,role_IT_Support_Specialist,HAS_ROLE
emp_129,loc_Tunis,BASED_IN
emp_129,emp_29,REPORTS_TO
emp_130,dept_Data,WORKS_IN
emp_130,role_Data_Scientist,HAS_ROLE
emp_130,loc_London,BASED_IN
emp_130,emp_30,REPORTS_TO
emp_131,dept_Sales,WORKS_IN
emp_131,role_Sales_Analyst,HAS_ROLE
emp_131,loc_Casablanca,BASED_IN
emp_131,emp_21,REPORTS_TO
emp_132,dept_Finance,WORKS_IN
emp_132,role_Controller,HAS_ROLE
emp_132,loc_Paris,BASED_IN
emp_132,emp_18,REPORTS_TO
emp_133,dept_Marketing,WORKS_IN
emp_133,role_Content_Specialist,HAS_ROLE
emp_133,loc_Tunis,BASED_IN
emp_133,emp_24,REPORTS_TO
emp_134,dept_Operations,WORKS_IN
emp_134,role_Senior_Operations_Manager,HAS_ROLE
emp_134,loc_Casablanca,BASED_IN
emp_134,emp_28,REPORTS_TO
emp_135,dept_Marketing,WORKS_IN
emp_135,role_Senior_Marketing_Manager,HAS_ROLE
emp_135,loc_London,BASED_IN
emp_135,emp_24,REPORTS_TO
emp_136,dept_Security,WORKS_IN
emp_136,role_IT_Support_Specialist,HAS_ROLE
emp_136,loc_Casablanca,BASED_IN
emp_136,emp_29,REPORTS_TO
emp_137,dept_Operations,WORKS_IN
emp_137,role_Operations_Analyst,HAS_ROLE
emp_137,loc_Amsterdam,BASED_IN
emp_137,emp_26,REPORTS_TO
emp_138,dept_Operations,WORKS_IN
emp_138,role_Operations_Analyst,HAS_ROLE
emp_138,loc_Amsterdam,BASED_IN
emp_138,emp_26,REPORTS_TO
emp_139,dept_Engineering,WORKS_IN
emp_139,role_DevOps_Engineer,HAS_ROLE
emp_139,loc_Paris,BASED_IN
emp_139,emp_13,REPORTS_TO
emp_140,dept_Finance,WORKS_IN
emp_140,role_Accountant,HAS_ROLE
emp_140,loc_Casablanca,BASED_IN
emp_140,emp_18,REPORTS_TO
emp_141,dept_HR,WORKS_IN
emp_141,role_HR_Manager,HAS_ROLE
emp_141,loc_Paris,BASED_IN
emp_141,emp_19,REPORTS_TO
emp_142,dept_Legal,WORKS_IN
emp_142,role_Associate_General_Counsel,HAS_ROLE
emp_142,loc_Amsterdam,BASED_IN
emp_142,emp_8,REPORTS_TO
emp_143,dept_Data,WORKS_IN
emp_143,role_Senior_Data_Scientist,HAS_ROLE
emp_143,loc_Dubai,BASED_IN
emp_143,emp_30,REPORTS_TO
emp_144,dept_Security,WORKS_IN
emp_144,role_IT_Support_Specialist,HAS_ROLE
emp_144,loc_Tunis,BASED_IN
emp_144,emp_29,REPORTS_TO
emp_145,dept_Legal,WORKS_IN
emp_145,role_Legal_Counsel,HAS_ROLE
emp_145,loc_Tunis,BASED_IN
emp_145,emp_8,REPORTS_TO
emp_146,dept_Finance,WORKS_IN
emp_146,role_Accountant,HAS_ROLE
emp_146,loc_Dubai,BASED_IN
emp_146,emp_17,REPORTS_TO
emp_147,dept_Operations,WORKS_IN
emp_147,role_Operations_Analyst,HAS_ROLE
emp_147,loc_Madrid,BASED_IN
emp_147,emp_28,REPORTS_TO
emp_148,dept_Finance,WORKS_IN
emp_148,role_Financial_Analyst,HAS_ROLE
emp_148,loc_Tunis,BASED_IN
emp_148,emp_18,REPORTS_TO
emp_149,dept_Product,WORKS_IN
emp_149,role_Principal_Product_Manager,HAS_ROLE
emp_149,loc_Dubai,BASED_IN
emp_149,emp_16,REPORTS_TO
emp_150,dept_Operations,WORKS_IN
emp_150,role_Business_Analyst,HAS_ROLE
emp_150,loc_Amsterdam,BASED_IN
emp_150,emp_26,REPORTS_TO
emp_151,dept_Product,WORKS_IN
emp_151,role_Product_Analyst,HAS_ROLE
emp_151,loc_Paris,BASED_IN
emp_151,emp_14,REPORTS_TO
emp_152,dept_Finance,WORKS_IN
emp_152,role_Finance_Manager,HAS_ROLE
emp_152,loc_Dubai,BASED_IN
emp_152,emp_17,REPORTS_TO
emp_153,dept_Legal,WORKS_IN
emp_153,role_Senior_Legal_Counsel,HAS_ROLE
emp_153,loc_Madrid,BASED_IN
emp_153,emp_8,REPORTS_TO
emp_154,dept_Finance,WORKS_IN
emp_154,role_Financial_Analyst,HAS_ROLE
emp_154,loc_Madrid,BASED_IN
emp_154,emp_18,REPORTS_TO
emp_155,dept_Operations,WORKS_IN
emp_155,role_Senior_Operations_Manager,HAS_ROLE
emp_155,loc_Casablanca,BASED_IN
emp_155,emp_27,REPORTS_TO
emp_156,dept_Security,WORKS_IN
emp_156,role_Senior_Security_Analyst,HAS_ROLE
emp_156,loc_Amsterdam,BASED_IN
emp_156,emp_29,REPORTS_TO
emp_157,dept_Legal,WORKS_IN
emp_157,role_Compliance_Officer,HAS_ROLE
emp_157,loc_Tunis,BASED_IN
emp_157,emp_8,REPORTS_TO
emp_158,dept_Product,WORKS_IN
emp_158,role_Senior_Product_Manager,HAS_ROLE
emp_158,loc_Amsterdam,BASED_IN
emp_158,emp_15,REPORTS_TO
emp_159,dept_Legal,WORKS_IN
emp_159,role_Associate_General_Counsel,HAS_ROLE
emp_159,loc_London,BASED_IN
emp_159,emp_8,REPORTS_TO
emp_160,dept_Operations,WORKS_IN
emp_160,role_Senior_Operations_Manager,HAS_ROLE
emp_160,loc_Berlin,BASED_IN
emp_160,emp_26,REPORTS_TO
emp_161,dept_Sales,WORKS_IN
emp_161,role_Account_Executive,HAS_ROLE
emp_161,loc_Amsterdam,BASED_IN
emp_161,emp_21,REPORTS_TO
emp_162,dept_Engineering,WORKS_IN
emp_162,role_DevOps_Engineer,HAS_ROLE
emp_162,loc_Amsterdam,BASED_IN
emp_162,emp_13,REPORTS_TO
emp_163,dept_Legal,WORKS_IN
emp_163,role_Senior_Legal_Counsel,HAS_ROLE
emp_163,loc_Dubai,BASED_IN
emp_163,emp_8,REPORTS_TO
emp_164,dept_Security,WORKS_IN
emp_164,role_Security_Engineer,HAS_ROLE
emp_164,loc_Amsterdam,BASED_IN
emp_164,emp_29,REPORTS_TO
emp_165,dept_Product,WORKS_IN
emp_165,role_Product_Analyst,HAS_ROLE
emp_165,loc_Tunis,BASED_IN
emp_165,emp_14,REPORTS_TO
emp_166,dept_Marketing,WORKS_IN
emp_166,role_Marketing_Coordinator,HAS_ROLE
emp_166,loc_Casablanca,BASED_IN
emp_166,emp_24,REPORTS_TO
emp_167,dept_Sales,WORKS_IN
emp_167,role_Sales_Analyst,HAS_ROLE
emp_167,loc_Berlin,BASED_IN
emp_167,emp_22,REPORTS_TO
emp_168,dept_Engineering,WORKS_IN
emp_168,role_DevOps_Engineer,HAS_ROLE
emp_168,loc_Paris,BASED_IN
emp_168,emp_13,REPORTS_TO
emp_169,dept_Operations,WORKS_IN
emp_169,role_Senior_Operations_Manager,HAS_ROLE
emp_169,loc_London,BASED_IN
emp_169,emp_28,REPORTS_TO
emp_170,dept_Operations,WORKS_IN
emp_170,role_Operations_Analyst,HAS_ROLE
emp_170,loc_Tunis,BASED_IN
emp_170,emp_26,REPORTS_TO
emp_171,dept_Marketing,WORKS_IN
emp_171,role_SEO_Analyst,HAS_ROLE
emp_171,loc_Tunis,BASED_IN
emp_171,emp_24,REPORTS_TO
emp_172,dept_Product,WORKS_IN
emp_172,role_Product_Analyst,HAS_ROLE
emp_172,loc_Dubai,BASED_IN
emp_172,emp_16,REPORTS_TO
emp_173,dept_Operations,WORKS_IN
emp_173,role_Project_Manager,HAS_ROLE
emp_173,loc_Dubai,BASED_IN
emp_173,emp_26,REPORTS_TO
emp_174,dept_Marketing,WORKS_IN
emp_174,role_Marketing_Coordinator,HAS_ROLE
emp_174,loc_Casablanca,BASED_IN
emp_174,emp_24,REPORTS_TO
emp_175,dept_HR,WORKS_IN
emp_175,role_L&D_Specialist,HAS_ROLE
emp_175,loc_Madrid,BASED_IN
emp_175,emp_19,REPORTS_TO
emp_176,dept_HR,WORKS_IN
emp_176,role_HR_Coordinator,HAS_ROLE
emp_176,loc_Dubai,BASED_IN
emp_176,emp_19,REPORTS_TO
emp_177,dept_Data,WORKS_IN
emp_177,role_Data_Analyst,HAS_ROLE
emp_177,loc_Amsterdam,BASED_IN
emp_177,emp_30,REPORTS_TO
emp_178,dept_Product,WORKS_IN
emp_178,role_Product_Manager,HAS_ROLE
emp_178,loc_Dubai,BASED_IN
emp_178,emp_14,REPORTS_TO
emp_179,dept_Finance,WORKS_IN
emp_179,role_Finance_Manager,HAS_ROLE
emp_179,loc_Paris,BASED_IN
emp_179,emp_17,REPORTS_TO
emp_180,dept_Operations,WORKS_IN
emp_180,role_Project_Manager,HAS_ROLE
emp_180,loc_Berlin,BASED_IN
emp_180,emp_27,REPORTS_TO
emp_181,dept_Engineering,WORKS_IN
emp_181,role_QA_Engineer,HAS_ROLE
emp_181,loc_London,BASED_IN
emp_181,emp_13,REPORTS_TO
emp_182,dept_Legal,WORKS_IN
emp_182,role_General_Counsel,HAS_ROLE
emp_182,loc_Paris,BASED_IN
emp_182,emp_8,REPORTS_TO
emp_183,dept_Data,WORKS_IN
emp_183,role_Senior_Data_Analyst,HAS_ROLE
emp_183,loc_Dubai,BASED_IN
emp_183,emp_30,REPORTS_TO
emp_184,dept_Data,WORKS_IN
emp_184,role_Data_Engineer,HAS_ROLE
emp_184,loc_Paris,BASED_IN
emp_184,emp_30,REPORTS_TO
emp_185,dept_Product,WORKS_IN
emp_185,role_UX_Designer,HAS_ROLE
emp_185,loc_Berlin,BASED_IN
emp_185,emp_16,REPORTS_TO
emp_186,dept_Marketing,WORKS_IN
emp_186,role_Content_Specialist,HAS_ROLE
emp_186,loc_Tunis,BASED_IN
emp_186,emp_24,REPORTS_TO
emp_187,dept_Sales,WORKS_IN
emp_187,role_Senior_Account_Executive,HAS_ROLE
emp_187,loc_Paris,BASED_IN
emp_187,emp_21,REPORTS_TO
emp_188,dept_Product,WORKS_IN
emp_188,role_Product_Analyst,HAS_ROLE
emp_188,loc_Madrid,BASED_IN
emp_188,emp_14,REPORTS_TO
emp_189,dept_Engineering,WORKS_IN
emp_189,role_DevOps_Engineer,HAS_ROLE
emp_189,loc_Tunis,BASED_IN
emp_189,emp_13,REPORTS_TO
emp_190,dept_Sales,WORKS_IN
emp_190,role_Sales_Analyst,HAS_ROLE
emp_190,loc_Berlin,BASED_IN
emp_190,emp_22,REPORTS_TO
emp_191,dept_Operations,WORKS_IN
emp_191,role_Operations_Manager,HAS_ROLE
emp_191,loc_Paris,BASED_IN
emp_191,emp_26,REPORTS_TO
emp_192,dept_Data,WORKS_IN
emp_192,role_Senior_Data_Analyst,HAS_ROLE
emp_192,loc_London,BASED_IN
emp_192,emp_30,REPORTS_TO
emp_193,dept_Sales,WORKS_IN
emp_193,role_Sales_Development_Rep,HAS_ROLE
emp_193,loc_London,BASED_IN
emp_193,emp_21,REPORTS_TO
emp_194,dept_Finance,WORKS_IN
emp_194,role_Controller,HAS_ROLE
emp_194,loc_London,BASED_IN
emp_194,emp_18,REPORTS_TO
emp_195,dept_Security,WORKS_IN
emp_195,role_Senior_Security_Analyst,HAS_ROLE
emp_195,loc_Dubai,BASED_IN
emp_195,emp_29,REPORTS_TO
emp_196,dept_Marketing,WORKS_IN
emp_196,role_SEO_Analyst,HAS_ROLE
emp_196,loc_Madrid,BASED_IN
emp_196,emp_25,REPORTS_TO
emp_197,dept_Engineering,WORKS_IN
emp_197,role_QA_Engineer,HAS_ROLE
emp_197,loc_Casablanca,BASED_IN
emp_197,emp_12,REPORTS_TO
emp_198,dept_Operations,WORKS_IN
emp_198,role_Project_Manager,HAS_ROLE
emp_198,loc_Dubai,BASED_IN
emp_198,emp_27,REPORTS_TO
emp_199,dept_Product,WORKS_IN
emp_199,role_Principal_Product_Manager,HAS_ROLE
emp_199,loc_Amsterdam,BASED_IN
emp_199,emp_16,REPORTS_TO
emp_200,dept_HR,WORKS_IN
emp_200,role_HR_Manager,HAS_ROLE
emp_200,loc_Berlin,BASED_IN
emp_200,emp_19,REPORTS_TO
emp_201,dept_Sales,WORKS_IN
emp_201,role_Senior_Account_Executive,HAS_ROLE
emp_201,loc_Tunis,BASED_IN
emp_201,emp_22,REPORTS_TO
emp_202,dept_Finance,WORKS_IN
emp_202,role_Accountant,HAS_ROLE
emp_202,loc_Paris,BASED_IN
emp_202,emp_17,REPORTS_TO
emp_203,dept_Engineering,WORKS_IN
emp_203,role_Engineering_Manager,HAS_ROLE
emp_203,loc_Dubai,BASED_IN
emp_203,emp_12,REPORTS_TO
emp_204,dept_Legal,WORKS_IN
emp_204,role_Paralegal,HAS_ROLE
emp_204,loc_London,BASED_IN
emp_204,emp_8,REPORTS_TO
emp_205,dept_Finance,WORKS_IN
emp_205,role_Controller,HAS_ROLE
emp_205,loc_Tunis,BASED_IN
emp_205,emp_18,REPORTS_TO
emp_206,dept_HR,WORKS_IN
emp_206,role_HR_Manager,HAS_ROLE
emp_206,loc_Amsterdam,BASED_IN
emp_206,emp_20,REPORTS_TO
emp_207,dept_HR,WORKS_IN
emp_207,role_Senior_HR_Business_Partner,HAS_ROLE
emp_207,loc_Berlin,BASED_IN
emp_207,emp_19,REPORTS_TO
emp_208,dept_Marketing,WORKS_IN
emp_208,role_Marketing_Manager,HAS_ROLE
emp_208,loc_Madrid,BASED_IN
emp_208,emp_23,REPORTS_TO
emp_209,dept_Finance,WORKS_IN
emp_209,role_Financial_Analyst,HAS_ROLE
emp_209,loc_Casablanca,BASED_IN
emp_209,emp_17,REPORTS_TO
emp_210,dept_Data,WORKS_IN
emp_210,role_Data_Engineer,HAS_ROLE
emp_210,loc_Casablanca,BASED_IN
emp_210,emp_30,REPORTS_TO
emp_211,dept_Sales,WORKS_IN
emp_211,role_Senior_Account_Executive,HAS_ROLE
emp_211,loc_Casablanca,BASED_IN
emp_211,emp_21,REPORTS_TO
emp_212,dept_Engineering,WORKS_IN
emp_212,role_Software_Engineer,HAS_ROLE
emp_212,loc_Paris,BASED_IN
emp_212,emp_13,REPORTS_TO
emp_213,dept_Data,WORKS_IN
emp_213,role_Data_Engineer,HAS_ROLE
emp_213,loc_London,BASED_IN
emp_213,emp_30,REPORTS_TO
emp_214,dept_Data,WORKS_IN
emp_214,role_Senior_Data_Analyst,HAS_ROLE
emp_214,loc_London,BASED_IN
emp_214,emp_30,REPORTS_TO
emp_215,dept_Product,WORKS_IN
emp_215,role_Principal_Product_Manager,HAS_ROLE
emp_215,loc_London,BASED_IN
emp_215,emp_16,REPORTS_TO
emp_216,dept_Operations,WORKS_IN
emp_216,role_Project_Manager,HAS_ROLE
emp_216,loc_Dubai,BASED_IN
emp_216,emp_28,REPORTS_TO
emp_217,dept_Legal,WORKS_IN
emp_217,role_General_Counsel,HAS_ROLE
emp_217,loc_Dubai,BASED_IN
emp_217,emp_8,REPORTS_TO
emp_218,dept_Marketing,WORKS_IN
emp_218,role_Marketing_Coordinator,HAS_ROLE
emp_218,loc_Madrid,BASED_IN
emp_218,emp_25,REPORTS_TO
emp_219,dept_Product,WORKS_IN
emp_219,role_UX_Designer,HAS_ROLE
emp_219,loc_Tunis,BASED_IN
emp_219,emp_16,REPORTS_TO
emp_220,dept_Data,WORKS_IN
emp_220,role_Data_Analyst,HAS_ROLE
emp_220,loc_Dubai,BASED_IN
emp_220,emp_30,REPORTS_TO
emp_221,dept_Security,WORKS_IN
emp_221,role_Security_Analyst,HAS_ROLE
emp_221,loc_Amsterdam,BASED_IN
emp_221,emp_29,REPORTS_TO
emp_222,dept_HR,WORKS_IN
emp_222,role_Senior_HR_Business_Partner,HAS_ROLE
emp_222,loc_Madrid,BASED_IN
emp_222,emp_20,REPORTS_TO
emp_223,dept_Sales,WORKS_IN
emp_223,role_Sales_Development_Rep,HAS_ROLE
emp_223,loc_Tunis,BASED_IN
emp_223,emp_21,REPORTS_TO
emp_224,dept_Finance,WORKS_IN
emp_224,role_Senior_Financial_Analyst,HAS_ROLE
emp_224,loc_Dubai,BASED_IN
emp_224,emp_17,REPORTS_TO
emp_225,dept_HR,WORKS_IN
emp_225,role_HR_Manager,HAS_ROLE
emp_225,loc_Berlin,BASED_IN
emp_225,emp_20,REPORTS_TO
emp_226,dept_Operations,WORKS_IN
emp_226,role_Operations_Manager,HAS_ROLE
emp_226,loc_Casablanca,BASED_IN
emp_226,emp_27,REPORTS_TO
emp_227,dept_Legal,WORKS_IN
emp_227,role_Paralegal,HAS_ROLE
emp_227,loc_Madrid,BASED_IN
emp_227,emp_8,REPORTS_TO
emp_228,dept_Engineering,WORKS_IN
emp_228,role_QA_Engineer,HAS_ROLE
emp_228,loc_Paris,BASED_IN
emp_228,emp_13,REPORTS_TO
emp_229,dept_Product,WORKS_IN
emp_229,role_Principal_Product_Manager,HAS_ROLE
emp_229,loc_Madrid,BASED_IN
emp_229,emp_14,REPORTS_TO
emp_230,dept_Product,WORKS_IN
emp_230,role_Senior_Product_Manager,HAS_ROLE
emp_230,loc_London,BASED_IN
emp_230,emp_15,REPORTS_TO
emp_231,dept_Security,WORKS_IN
emp_231,role_Security_Engineer,HAS_ROLE
emp_231,loc_London,BASED_IN
emp_231,emp_29,REPORTS_TO
emp_232,dept_Product,WORKS_IN
emp_232,role_Principal_Product_Manager,HAS_ROLE
emp_232,loc_Casablanca,BASED_IN
emp_232,emp_14,REPORTS_TO
emp_233,dept_Finance,WORKS_IN
emp_233,role_Accountant,HAS_ROLE
emp_233,loc_Amsterdam,BASED_IN
emp_233,emp_18,REPORTS_TO
emp_234,dept_Finance,WORKS_IN
emp_234,role_Controller,HAS_ROLE
emp_234,loc_London,BASED_IN
emp_234,emp_18,REPORTS_TO
emp_235,dept_Legal,WORKS_IN
emp_235,role_Compliance_Officer,HAS_ROLE
emp_235,loc_London,BASED_IN
emp_235,emp_8,REPORTS_TO
emp_236,dept_Security,WORKS_IN
emp_236,role_Security_Manager,HAS_ROLE
emp_236,loc_London,BASED_IN
emp_236,emp_29,REPORTS_TO
emp_237,dept_Marketing,WORKS_IN
emp_237,role_Marketing_Manager,HAS_ROLE
emp_237,loc_Paris,BASED_IN
emp_237,emp_25,REPORTS_TO
emp_238,dept_Marketing,WORKS_IN
emp_238,role_Marketing_Coordinator,HAS_ROLE
emp_238,loc_Tunis,BASED_IN
emp_238,emp_25,REPORTS_TO
emp_239,dept_Engineering,WORKS_IN
emp_239,role_QA_Engineer,HAS_ROLE
emp_239,loc_Dubai,BASED_IN
emp_239,emp_13,REPORTS_TO
emp_240,dept_Marketing,WORKS_IN
emp_240,role_Marketing_Manager,HAS_ROLE
emp_240,loc_Dubai,BASED_IN
emp_240,emp_25,REPORTS_TO
emp_241,dept_Engineering,WORKS_IN
emp_241,role_Staff_Engineer,HAS_ROLE
emp_241,loc_Casablanca,BASED_IN
emp_241,emp_13,REPORTS_TO
emp_242,dept_Operations,WORKS_IN
emp_242,role_Operations_Manager,HAS_ROLE
emp_242,loc_London,BASED_IN
emp_242,emp_26,REPORTS_TO
emp_243,dept_HR,WORKS_IN
emp_243,role_HR_Coordinator,HAS_ROLE
emp_243,loc_Amsterdam,BASED_IN
emp_243,emp_19,REPORTS_TO
emp_244,dept_Legal,WORKS_IN
emp_244,role_Paralegal,HAS_ROLE
emp_244,loc_Amsterdam,BASED_IN
emp_244,emp_8,REPORTS_TO
emp_245,dept_Engineering,WORKS_IN
emp_245,role_QA_Engineer,HAS_ROLE
emp_245,loc_Tunis,BASED_IN
emp_245,emp_13,REPORTS_TO
emp_246,dept_Legal,WORKS_IN
emp_246,role_Associate_General_Counsel,HAS_ROLE
emp_246,loc_Amsterdam,BASED_IN
emp_246,emp_8,REPORTS_TO
emp_247,dept_Legal,WORKS_IN
emp_247,role_Legal_Counsel,HAS_ROLE
emp_247,loc_Amsterdam,BASED_IN
emp_247,emp_8,REPORTS_TO
emp_248,dept_Product,WORKS_IN
emp_248,role_Product_Manager,HAS_ROLE
emp_248,loc_Tunis,BASED_IN
emp_248,emp_15,REPORTS_TO
emp_249,dept_Operations,WORKS_IN
emp_249,role_Senior_Operations_Manager,HAS_ROLE
emp_249,loc_Tunis,BASED_IN
emp_249,emp_27,REPORTS_TO
emp_250,dept_Engineering,WORKS_IN
emp_250,role_Software_Engineer,HAS_ROLE
emp_250,loc_London,BASED_IN
emp_250,emp_13,REPORTS_TO
emp_251,dept_Data,WORKS_IN
emp_251,role_Senior_Data_Scientist,HAS_ROLE
emp_251,loc_Dubai,BASED_IN
emp_251,emp_30,REPORTS_TO
emp_252,dept_Legal,WORKS_IN
emp_252,role_Paralegal,HAS_ROLE
emp_252,loc_Dubai,BASED_IN
emp_252,emp_8,REPORTS_TO
emp_253,dept_Operations,WORKS_IN
emp_253,role_Operations_Analyst,HAS_ROLE
emp_253,loc_Dubai,BASED_IN
emp_253,emp_28,REPORTS_TO
emp_254,dept_Sales,WORKS_IN
emp_254,role_Account_Executive,HAS_ROLE
emp_254,loc_Tunis,BASED_IN
emp_254,emp_21,REPORTS_TO
emp_255,dept_Product,WORKS_IN
emp_255,role_Principal_Product_Manager,HAS_ROLE
emp_255,loc_Amsterdam,BASED_IN
emp_255,emp_15,REPORTS_TO
emp_256,dept_Operations,WORKS_IN
emp_256,role_Operations_Manager,HAS_ROLE
emp_256,loc_Madrid,BASED_IN
emp_256,emp_26,REPORTS_TO
emp_257,dept_Product,WORKS_IN
emp_257,role_Principal_Product_Manager,HAS_ROLE
emp_257,loc_Amsterdam,BASED_IN
emp_257,emp_16,REPORTS_TO
emp_258,dept_Finance,WORKS_IN
emp_258,role_Senior_Financial_Analyst,HAS_ROLE
emp_258,loc_Berlin,BASED_IN
emp_258,emp_18,REPORTS_TO
emp_259,dept_HR,WORKS_IN
emp_259,role_HR_Manager,HAS_ROLE
emp_259,loc_Casablanca,BASED_IN
emp_259,emp_19,REPORTS_TO
emp_260,dept_Finance,WORKS_IN
emp_260,role_Controller,HAS_ROLE
emp_260,loc_Casablanca,BASED_IN
emp_260,emp_17,REPORTS_TO
emp_261,dept_Legal,WORKS_IN
emp_261,role_General_Counsel,HAS_ROLE
emp_261,loc_Casablanca,BASED_IN
emp_261,emp_8,REPORTS_TO
emp_262,dept_Security,WORKS_IN
emp_262,role_Security_Engineer,HAS_ROLE
emp_262,loc_Madrid,BASED_IN
emp_262,emp_29,REPORTS_TO
emp_263,dept_Security,WORKS_IN
emp_263,role_Security_Analyst,HAS_ROLE
emp_263,loc_Madrid,BASED_IN
emp_263,emp_29,REPORTS_TO
emp_264,dept_HR,WORKS_IN
emp_264,role_Senior_HR_Business_Partner,HAS_ROLE
emp_264,loc_Amsterdam,BASED_IN
emp_264,emp_20,REPORTS_TO
emp_265,dept_Sales,WORKS_IN
emp_265,role_Sales_Analyst,HAS_ROLE
emp_265,loc_Madrid,BASED_IN
emp_265,emp_21,REPORTS_TO
emp_266,dept_Data,WORKS_IN
emp_266,role_Data_Engineer,HAS_ROLE
emp_266,loc_London,BASED_IN
emp_266,emp_30,REPORTS_TO
emp_267,dept_Engineering,WORKS_IN
emp_267,role_QA_Engineer,HAS_ROLE
emp_267,loc_London,BASED_IN
emp_267,emp_13,REPORTS_TO
emp_268,dept_Security,WORKS_IN
emp_268,role_Security_Engineer,HAS_ROLE
emp_268,loc_Amsterdam,BASED_IN
emp_268,emp_29,REPORTS_TO
emp_269,dept_Product,WORKS_IN
emp_269,role_Product_Manager,HAS_ROLE
emp_269,loc_Berlin,BASED_IN
emp_269,emp_14,REPORTS_TO
emp_270,dept_Data,WORKS_IN
emp_270,role_Senior_Data_Analyst,HAS_ROLE
emp_270,loc_Dubai,BASED_IN
emp_270,emp_30,REPORTS_TO
emp_271,dept_Finance,WORKS_IN
emp_271,role_Finance_Manager,HAS_ROLE
emp_271,loc_Amsterdam,BASED_IN
emp_271,emp_17,REPORTS_TO
emp_272,dept_HR,WORKS_IN
emp_272,role_HR_Business_Partner,HAS_ROLE
emp_272,loc_Berlin,BASED_IN
emp_272,emp_19,REPORTS_TO
emp_273,dept_Marketing,WORKS_IN
emp_273,role_SEO_Analyst,HAS_ROLE
emp_273,loc_Casablanca,BASED_IN
emp_273,emp_25,REPORTS_TO
emp_274,dept_Sales,WORKS_IN
emp_274,role_Sales_Manager,HAS_ROLE
emp_274,loc_Berlin,BASED_IN
emp_274,emp_21,REPORTS_TO
emp_275,dept_Data,WORKS_IN
emp_275,role_Data_Scientist,HAS_ROLE
emp_275,loc_Amsterdam,BASED_IN
emp_275,emp_30,REPORTS_TO
emp_276,dept_Engineering,WORKS_IN
emp_276,role_Software_Engineer,HAS_ROLE
emp_276,loc_Dubai,BASED_IN
emp_276,emp_13,REPORTS_TO
emp_277,dept_Marketing,WORKS_IN
emp_277,role_Marketing_Coordinator,HAS_ROLE
emp_277,loc_Dubai,BASED_IN
emp_277,emp_24,REPORTS_TO
emp_278,dept_Sales,WORKS_IN
emp_278,role_Sales_Development_Rep,HAS_ROLE
emp_278,loc_Paris,BASED_IN
emp_278,emp_22,REPORTS_TO
emp_279,dept_Product,WORKS_IN
emp_279,role_Product_Analyst,HAS_ROLE
emp_279,loc_Dubai,BASED_IN
emp_279,emp_15,REPORTS_TO
emp_280,dept_HR,WORKS_IN
emp_280,role_Recruiter,HAS_ROLE
emp_280,loc_Madrid,BASED_IN
emp_280,emp_20,REPORTS_TO
emp_281,dept_Operations,WORKS_IN
emp_281,role_Business_Analyst,HAS_ROLE
emp_281,loc_Dubai,BASED_IN
emp_281,emp_27,REPORTS_TO
emp_282,dept_Marketing,WORKS_IN
emp_282,role_Marketing_Manager,HAS_ROLE
emp_282,loc_Casablanca,BASED_IN
emp_282,emp_24,REPORTS_TO
emp_283,dept_Sales,WORKS_IN
emp_283,role_Sales_Manager,HAS_ROLE
emp_283,loc_Tunis,BASED_IN
emp_283,emp_21,REPORTS_TO
emp_284,dept_Sales,WORKS_IN
emp_284,role_Sales_Development_Rep,HAS_ROLE
emp_284,loc_London,BASED_IN
emp_284,emp_22,REPORTS_TO
emp_285,dept_Operations,WORKS_IN
emp_285,role_Operations_Manager,HAS_ROLE
emp_285,loc_Tunis,BASED_IN
emp_285,emp_28,REPORTS_TO
emp_286,dept_HR,WORKS_IN
emp_286,role_HR_Coordinator,HAS_ROLE
emp_286,loc_Tunis,BASED_IN
emp_286,emp_19,REPORTS_TO
emp_287,dept_Legal,WORKS_IN
emp_287,role_Compliance_Officer,HAS_ROLE
emp_287,loc_London,BASED_IN
emp_287,emp_8,REPORTS_TO
emp_288,dept_Finance,WORKS_IN
emp_288,role_Controller,HAS_ROLE
emp_288,loc_Casablanca,BASED_IN
emp_288,emp_17,REPORTS_TO
emp_289,dept_Legal,WORKS_IN
emp_289,role_Associate_General_Counsel,HAS_ROLE
emp_289,loc_Amsterdam,BASED_IN
emp_289,emp_8,REPORTS_TO
emp_290,dept_Operations,WORKS_IN
emp_290,role_Operations_Manager,HAS_ROLE
emp_290,loc_Amsterdam,BASED_IN
emp_290,emp_26,REPORTS_TO
emp_291,dept_HR,WORKS_IN
emp_291,role_L&D_Specialist,HAS_ROLE
emp_291,loc_Amsterdam,BASED_IN
emp_291,emp_20,REPORTS_TO
emp_292,dept_Product,WORKS_IN
emp_292,role_UX_Designer,HAS_ROLE
emp_292,loc_Dubai,BASED_IN
emp_292,emp_16,REPORTS_TO
emp_293,dept_Sales,WORKS_IN
emp_293,role_Sales_Development_Rep,HAS_ROLE
emp_293,loc_Casablanca,BASED_IN
emp_293,emp_22,REPORTS_TO
emp_294,dept_Sales,WORKS_IN
emp_294,role_Sales_Manager,HAS_ROLE
emp_294,loc_Amsterdam,BASED_IN
emp_294,emp_21,REPORTS_TO
emp_295,dept_Product,WORKS_IN
emp_295,role_UX_Designer,HAS_ROLE
emp_295,loc_Berlin,BASED_IN
emp_295,emp_16,REPORTS_TO
emp_296,dept_HR,WORKS_IN
emp_296,role_HR_Coordinator,HAS_ROLE
emp_296,loc_Paris,BASED_IN
emp_296,emp_19,REPORTS_TO
emp_297,dept_Finance,WORKS_IN
emp_297,role_Financial_Analyst,HAS_ROLE
emp_297,loc_Casablanca,BASED_IN
emp_297,emp_17,REPORTS_TO
emp_298,dept_HR,WORKS_IN
emp_298,role_Senior_HR_Business_Partner,HAS_ROLE
emp_298,loc_Paris,BASED_IN
emp_298,emp_20,REPORTS_TO
emp_299,dept_Data,WORKS_IN
emp_299,role_Senior_Data_Analyst,HAS_ROLE
emp_299,loc_Madrid,BASED_IN
emp_299,emp_30,REPORTS_TO
emp_300,dept_Legal,WORKS_IN
emp_300,role_General_Counsel,HAS_ROLE
emp_300,loc_Amsterdam,BASED_IN
emp_300,emp_8,REPORTS_TO
emp_301,dept_Engineering,WORKS_IN
emp_301,role_Staff_Engineer,HAS_ROLE
emp_301,loc_Casablanca,BASED_IN
emp_301,emp_12,REPORTS_TO
emp_302,dept_Security,WORKS_IN
emp_302,role_IT_Support_Specialist,HAS_ROLE
emp_302,loc_Madrid,BASED_IN
emp_302,emp_29,REPORTS_TO
emp_303,dept_Sales,WORKS_IN
emp_303,role_Account_Executive,HAS_ROLE
emp_303,loc_Madrid,BASED_IN
emp_303,emp_21,REPORTS_TO
emp_304,dept_Legal,WORKS_IN
emp_304,role_General_Counsel,HAS_ROLE
emp_304,loc_Madrid,BASED_IN
emp_304,emp_8,REPORTS_TO
emp_305,dept_Marketing,WORKS_IN
emp_305,role_Marketing_Manager,HAS_ROLE
emp_305,loc_Amsterdam,BASED_IN
emp_305,emp_23,REPORTS_TO
emp_306,dept_Sales,WORKS_IN
emp_306,role_Sales_Analyst,HAS_ROLE
emp_306,loc_Paris,BASED_IN
emp_306,emp_21,REPORTS_TO
emp_307,dept_Sales,WORKS_IN
emp_307,role_Account_Executive,HAS_ROLE
emp_307,loc_Paris,BASED_IN
emp_307,emp_22,REPORTS_TO
emp_308,dept_Sales,WORKS_IN
emp_308,role_Senior_Account_Executive,HAS_ROLE
emp_308,loc_Casablanca,BASED_IN
emp_308,emp_21,REPORTS_TO
emp_309,dept_Marketing,WORKS_IN
emp_309,role_Content_Specialist,HAS_ROLE
emp_309,loc_Berlin,BASED_IN
emp_309,emp_25,REPORTS_TO
emp_310,dept_Data,WORKS_IN
emp_310,role_Data_Analyst,HAS_ROLE
emp_310,loc_Paris,BASED_IN
emp_310,emp_30,REPORTS_TO
emp_311,dept_Security,WORKS_IN
emp_311,role_Security_Manager,HAS_ROLE
emp_311,loc_Dubai,BASED_IN
emp_311,emp_29,REPORTS_TO
emp_312,dept_Operations,WORKS_IN
emp_312,role_Operations_Analyst,HAS_ROLE
emp_312,loc_Paris,BASED_IN
emp_312,emp_28,REPORTS_TO
emp_313,dept_Operations,WORKS_IN
emp_313,role_Operations_Analyst,HAS_ROLE
emp_313,loc_Amsterdam,BASED_IN
emp_313,emp_27,REPORTS_TO
emp_314,dept_Legal,WORKS_IN
emp_314,role_Associate_General_Counsel,HAS_ROLE
emp_314,loc_London,BASED_IN
emp_314,emp_8,REPORTS_TO
emp_315,dept_Marketing,WORKS_IN
emp_315,role_Marketing_Coordinator,HAS_ROLE
emp_315,loc_London,BASED_IN
emp_315,emp_25,REPORTS_TO
emp_316,dept_Legal,WORKS_IN
emp_316,role_Senior_Legal_Counsel,HAS_ROLE
emp_316,loc_Tunis,BASED_IN
emp_316,emp_8,REPORTS_TO
emp_317,dept_Legal,WORKS_IN
emp_317,role_General_Counsel,HAS_ROLE
emp_317,loc_Dubai,BASED_IN
emp_317,emp_8,REPORTS_TO
emp_318,dept_Finance,WORKS_IN
emp_318,role_Controller,HAS_ROLE
emp_318,loc_Berlin,BASED_IN
emp_318,emp_18,REPORTS_TO
emp_319,dept_Engineering,WORKS_IN
emp_319,role_Staff_Engineer,HAS_ROLE
emp_319,loc_Berlin,BASED_IN
emp_319,emp_13,REPORTS_TO
emp_320,dept_Operations,WORKS_IN
emp_320,role_Senior_Operations_Manager,HAS_ROLE
emp_320,loc_Paris,BASED_IN
emp_320,emp_26,REPORTS_TO
emp_321,dept_Legal,WORKS_IN
emp_321,role_Paralegal,HAS_ROLE
emp_321,loc_London,BASED_IN
emp_321,emp_8,REPORTS_TO
emp_322,dept_Data,WORKS_IN
emp_322,role_Data_Analyst,HAS_ROLE
emp_322,loc_Berlin,BASED_IN
emp_322,emp_30,REPORTS_TO
emp_323,dept_HR,WORKS_IN
emp_323,role_HR_Coordinator,HAS_ROLE
emp_323,loc_Dubai,BASED_IN
emp_323,emp_19,REPORTS_TO
emp_324,dept_Data,WORKS_IN
emp_324,role_Data_Scientist,HAS_ROLE
emp_324,loc_Berlin,BASED_IN
emp_324,emp_30,REPORTS_TO
emp_325,dept_Sales,WORKS_IN
emp_325,role_Senior_Account_Executive,HAS_ROLE
emp_325,loc_Tunis,BASED_IN
emp_325,emp_21,REPORTS_TO
emp_326,dept_Operations,WORKS_IN
emp_326,role_Operations_Analyst,HAS_ROLE
emp_326,loc_Dubai,BASED_IN
emp_326,emp_27,REPORTS_TO
emp_327,dept_Legal,WORKS_IN
emp_327,role_General_Counsel,HAS_ROLE
emp_327,loc_Casablanca,BASED_IN
emp_327,emp_8,REPORTS_TO
emp_328,dept_HR,WORKS_IN
emp_328,role_Senior_HR_Business_Partner,HAS_ROLE
emp_328,loc_Tunis,BASED_IN
emp_328,emp_19,REPORTS_TO
emp_329,dept_Security,WORKS_IN
emp_329,role_Senior_Security_Analyst,HAS_ROLE
emp_329,loc_Paris,BASED_IN
emp_329,emp_29,REPORTS_TO
emp_330,dept_Marketing,WORKS_IN
emp_330,role_Marketing_Coordinator,HAS_ROLE
emp_330,loc_Amsterdam,BASED_IN
emp_330,emp_25,REPORTS_TO
emp_331,dept_Data,WORKS_IN
emp_331,role_Data_Engineer,HAS_ROLE
emp_331,loc_Berlin,BASED_IN
emp_331,emp_30,REPORTS_TO
emp_332,dept_HR,WORKS_IN
emp_332,role_Senior_HR_Business_Partner,HAS_ROLE
emp_332,loc_Berlin,BASED_IN
emp_332,emp_20,REPORTS_TO
emp_333,dept_Operations,WORKS_IN
emp_333,role_Operations_Manager,HAS_ROLE
emp_333,loc_Berlin,BASED_IN
emp_333,emp_28,REPORTS_TO
emp_334,dept_Marketing,WORKS_IN
emp_334,role_Senior_Marketing_Manager,HAS_ROLE
emp_334,loc_Amsterdam,BASED_IN
emp_334,emp_24,REPORTS_TO
emp_335,dept_Marketing,WORKS_IN
emp_335,role_SEO_Analyst,HAS_ROLE
emp_335,loc_Dubai,BASED_IN
emp_335,emp_24,REPORTS_TO
emp_336,dept_Marketing,WORKS_IN
emp_336,role_Senior_Marketing_Manager,HAS_ROLE
emp_336,loc_London,BASED_IN
emp_336,emp_24,REPORTS_TO
emp_337,dept_Security,WORKS_IN
emp_337,role_Security_Manager,HAS_ROLE
emp_337,loc_Berlin,BASED_IN
emp_337,emp_29,REPORTS_TO
emp_338,dept_Data,WORKS_IN
emp_338,role_Senior_Data_Analyst,HAS_ROLE
emp_338,loc_Amsterdam,BASED_IN
emp_338,emp_30,REPORTS_TO
emp_339,dept_Operations,WORKS_IN
emp_339,role_Project_Manager,HAS_ROLE
emp_339,loc_Madrid,BASED_IN
emp_339,emp_26,REPORTS_TO
emp_340,dept_Operations,WORKS_IN
emp_340,role_Operations_Manager,HAS_ROLE
emp_340,loc_Paris,BASED_IN
emp_340,emp_28,REPORTS_TO
emp_341,dept_Engineering,WORKS_IN
emp_341,role_Software_Engineer,HAS_ROLE
emp_341,loc_Paris,BASED_IN
emp_341,emp_13,REPORTS_TO
emp_342,dept_Engineering,WORKS_IN
emp_342,role_Senior_Software_Engineer,HAS_ROLE
emp_342,loc_Casablanca,BASED_IN
emp_342,emp_13,REPORTS_TO
emp_343,dept_Operations,WORKS_IN
emp_343,role_Operations_Analyst,HAS_ROLE
emp_343,loc_London,BASED_IN
emp_343,emp_26,REPORTS_TO
emp_344,dept_Sales,WORKS_IN
emp_344,role_Sales_Analyst,HAS_ROLE
emp_344,loc_Madrid,BASED_IN
emp_344,emp_22,REPORTS_TO
emp_345,dept_Product,WORKS_IN
emp_345,role_UX_Designer,HAS_ROLE
emp_345,loc_Dubai,BASED_IN
emp_345,emp_14,REPORTS_TO
emp_346,dept_Legal,WORKS_IN
emp_346,role_Legal_Counsel,HAS_ROLE
emp_346,loc_Berlin,BASED_IN
emp_346,emp_8,REPORTS_TO
emp_347,dept_Product,WORKS_IN
emp_347,role_Product_Manager,HAS_ROLE
emp_347,loc_Casablanca,BASED_IN
emp_347,emp_14,REPORTS_TO
emp_348,dept_Engineering,WORKS_IN
emp_348,role_QA_Engineer,HAS_ROLE
emp_348,loc_Paris,BASED_IN
emp_348,emp_12,REPORTS_TO
emp_349,dept_Engineering,WORKS_IN
emp_349,role_Senior_Software_Engineer,HAS_ROLE
emp_349,loc_Casablanca,BASED_IN
emp_349,emp_12,REPORTS_TO
emp_350,dept_Engineering,WORKS_IN
emp_350,role_Software_Engineer,HAS_ROLE
emp_350,loc_London,BASED_IN
emp_350,emp_13,REPORTS_TO
emp_351,dept_Marketing,WORKS_IN
emp_351,role_Marketing_Coordinator,HAS_ROLE
emp_351,loc_Paris,BASED_IN
emp_351,emp_23,REPORTS_TO
emp_352,dept_Finance,WORKS_IN
emp_352,role_Controller,HAS_ROLE
emp_352,loc_Tunis,BASED_IN
emp_352,emp_17,REPORTS_TO
emp_353,dept_Product,WORKS_IN
emp_353,role_UX_Designer,HAS_ROLE
emp_353,loc_Berlin,BASED_IN
emp_353,emp_16,REPORTS_TO
emp_354,dept_Marketing,WORKS_IN
emp_354,role_SEO_Analyst,HAS_ROLE
emp_354,loc_Dubai,BASED_IN
emp_354,emp_25,REPORTS_TO
emp_355,dept_Sales,WORKS_IN
emp_355,role_Sales_Manager,HAS_ROLE
emp_355,loc_Tunis,BASED_IN
emp_355,emp_22,REPORTS_TO
emp_356,dept_Finance,WORKS_IN
emp_356,role_Controller,HAS_ROLE
emp_356,loc_Berlin,BASED_IN
emp_356,emp_18,REPORTS_TO
emp_357,dept_Product,WORKS_IN
emp_357,role_Principal_Product_Manager,HAS_ROLE
emp_357,loc_Tunis,BASED_IN
emp_357,emp_14,REPORTS_TO
emp_358,dept_Marketing,WORKS_IN
emp_358,role_Marketing_Coordinator,HAS_ROLE
emp_358,loc_Amsterdam,BASED_IN
emp_358,emp_23,REPORTS_TO
emp_359,dept_Finance,WORKS_IN
emp_359,role_Financial_Analyst,HAS_ROLE
emp_359,loc_Tunis,BASED_IN
emp_359,emp_17,REPORTS_TO
emp_360,dept_Engineering,WORKS_IN
emp_360,role_Software_Engineer,HAS_ROLE
emp_360,loc_Dubai,BASED_IN
emp_360,emp_13,REPORTS_TO
emp_361,dept_Engineering,WORKS_IN
emp_361,role_Staff_Engineer,HAS_ROLE
emp_361,loc_Berlin,BASED_IN
emp_361,emp_13,REPORTS_TO
emp_362,dept_Security,WORKS_IN
emp_362,role_Senior_Security_Analyst,HAS_ROLE
emp_362,loc_Amsterdam,BASED_IN
emp_362,emp_29,REPORTS_TO
emp_363,dept_Finance,WORKS_IN
emp_363,role_Financial_Analyst,HAS_ROLE
emp_363,loc_Casablanca,BASED_IN
emp_363,emp_17,REPORTS_TO
emp_364,dept_Marketing,WORKS_IN
emp_364,role_Senior_Marketing_Manager,HAS_ROLE
emp_364,loc_Berlin,BASED_IN
emp_364,emp_23,REPORTS_TO
emp_365,dept_Product,WORKS_IN
emp_365,role_Senior_Product_Manager,HAS_ROLE
emp_365,loc_Tunis,BASED_IN
emp_365,emp_15,REPORTS_TO
emp_366,dept_Operations,WORKS_IN
emp_366,role_Senior_Operations_Manager,HAS_ROLE
emp_366,loc_Amsterdam,BASED_IN
emp_366,emp_27,REPORTS_TO
emp_367,dept_Data,WORKS_IN
emp_367,role_Senior_Data_Analyst,HAS_ROLE
emp_367,loc_Dubai,BASED_IN
emp_367,emp_30,REPORTS_TO
emp_368,dept_Operations,WORKS_IN
emp_368,role_Business_Analyst,HAS_ROLE
emp_368,loc_Tunis,BASED_IN
emp_368,emp_26,REPORTS_TO
emp_369,dept_Product,WORKS_IN
emp_369,role_UX_Designer,HAS_ROLE
emp_369,loc_London,BASED_IN
emp_369,emp_14,REPORTS_TO
emp_370,dept_HR,WORKS_IN
emp_370,role_HR_Manager,HAS_ROLE
emp_370,loc_Casablanca,BASED_IN
emp_370,emp_20,REPORTS_TO
emp_371,dept_Sales,WORKS_IN
emp_371,role_Account_Executive,HAS_ROLE
emp_371,loc_Tunis,BASED_IN
emp_371,emp_22,REPORTS_TO
emp_372,dept_Operations,WORKS_IN
emp_372,role_Business_Analyst,HAS_ROLE
emp_372,loc_Tunis,BASED_IN
emp_372,emp_27,REPORTS_TO
emp_373,dept_Engineering,WORKS_IN
emp_373,role_Staff_Engineer,HAS_ROLE
emp_373,loc_London,BASED_IN
emp_373,emp_12,REPORTS_TO
emp_374,dept_Legal,WORKS_IN
emp_374,role_Associate_General_Counsel,HAS_ROLE
emp_374,loc_Berlin,BASED_IN
emp_374,emp_8,REPORTS_TO
emp_375,dept_Security,WORKS_IN
emp_375,role_Security_Manager,HAS_ROLE
emp_375,loc_Madrid,BASED_IN
emp_375,emp_29,REPORTS_TO
emp_376,dept_Engineering,WORKS_IN
emp_376,role_Engineering_Manager,HAS_ROLE
emp_376,loc_Paris,BASED_IN
emp_376,emp_12,REPORTS_TO
emp_377,dept_Marketing,WORKS_IN
emp_377,role_Senior_Marketing_Manager,HAS_ROLE
emp_377,loc_Casablanca,BASED_IN
emp_377,emp_24,REPORTS_TO
emp_378,dept_Operations,WORKS_IN
emp_378,role_Operations_Analyst,HAS_ROLE
emp_378,loc_Paris,BASED_IN
emp_378,emp_27,REPORTS_TO
emp_379,dept_Engineering,WORKS_IN
emp_379,role_QA_Engineer,HAS_ROLE
emp_379,loc_Paris,BASED_IN
emp_379,emp_12,REPORTS_TO
emp_380,dept_Finance,WORKS_IN
emp_380,role_Senior_Financial_Analyst,HAS_ROLE
emp_380,loc_Casablanca,BASED_IN
emp_380,emp_17,REPORTS_TO
emp_381,dept_Legal,WORKS_IN
emp_381,role_Compliance_Officer,HAS_ROLE
emp_381,loc_Tunis,BASED_IN
emp_381,emp_8,REPORTS_TO
emp_382,dept_Data,WORKS_IN
emp_382,role_Senior_Data_Analyst,HAS_ROLE
emp_382,loc_Berlin,BASED_IN
emp_382,emp_30,REPORTS_TO
emp_383,dept_Product,WORKS_IN
emp_383,role_UX_Designer,HAS_ROLE
emp_383,loc_Dubai,BASED_IN
emp_383,emp_14,REPORTS_TO
emp_384,dept_HR,WORKS_IN
emp_384,role_HR_Manager,HAS_ROLE
emp_384,loc_Dubai,BASED_IN
emp_384,emp_19,REPORTS_TO
emp_385,dept_Legal,WORKS_IN
emp_385,role_Paralegal,HAS_ROLE
emp_385,loc_Casablanca,BASED_IN
emp_385,emp_8,REPORTS_TO
emp_386,dept_Finance,WORKS_IN
emp_386,role_Finance_Manager,HAS_ROLE
emp_386,loc_Berlin,BASED_IN
emp_386,emp_17,REPORTS_TO
emp_387,dept_Product,WORKS_IN
emp_387,role_Senior_Product_Manager,HAS_ROLE
emp_387,loc_Tunis,BASED_IN
emp_387,emp_15,REPORTS_TO
emp_388,dept_Finance,WORKS_IN
emp_388,role_Controller,HAS_ROLE
emp_388,loc_Madrid,BASED_IN
emp_388,emp_18,REPORTS_TO
emp_389,dept_Finance,WORKS_IN
emp_389,role_Accountant,HAS_ROLE
emp_389,loc_Casablanca,BASED_IN
emp_389,emp_18,REPORTS_TO
emp_390,dept_Engineering,WORKS_IN
emp_390,role_Staff_Engineer,HAS_ROLE
emp_390,loc_Tunis,BASED_IN
emp_390,emp_12,REPORTS_TO
emp_391,dept_Security,WORKS_IN
emp_391,role_IT_Support_Specialist,HAS_ROLE
emp_391,loc_Casablanca,BASED_IN
emp_391,emp_29,REPORTS_TO
emp_392,dept_Finance,WORKS_IN
emp_392,role_Financial_Analyst,HAS_ROLE
emp_392,loc_London,BASED_IN
emp_392,emp_17,REPORTS_TO
emp_393,dept_HR,WORKS_IN
emp_393,role_Recruiter,HAS_ROLE
emp_393,loc_Casablanca,BASED_IN
emp_393,emp_20,REPORTS_TO
emp_394,dept_Security,WORKS_IN
emp_394,role_Security_Analyst,HAS_ROLE
emp_394,loc_Dubai,BASED_IN
emp_394,emp_29,REPORTS_TO
emp_395,dept_Engineering,WORKS_IN
emp_395,role_QA_Engineer,HAS_ROLE
emp_395,loc_Paris,BASED_IN
emp_395,emp_13,REPORTS_TO
emp_396,dept_HR,WORKS_IN
emp_396,role_Senior_HR_Business_Partner,HAS_ROLE
emp_396,loc_Paris,BASED_IN
emp_396,emp_19,REPORTS_TO
emp_397,dept_Product,WORKS_IN
emp_397,role_Senior_Product_Manager,HAS_ROLE
emp_397,loc_Dubai,BASED_IN
emp_397,emp_14,REPORTS_TO
emp_398,dept_Legal,WORKS_IN
emp_398,role_Senior_Legal_Counsel,HAS_ROLE
emp_398,loc_Dubai,BASED_IN
emp_398,emp_8,REPORTS_TO
emp_399,dept_Sales,WORKS_IN
emp_399,role_Sales_Analyst,HAS_ROLE
emp_399,loc_Amsterdam,BASED_IN
emp_399,emp_21,REPORTS_TO
emp_400,dept_Product,WORKS_IN
emp_400,role_Senior_Product_Manager,HAS_ROLE
emp_400,loc_Madrid,BASED_IN
emp_400,emp_15,REPORTS_TO
emp_401,dept_Finance,WORKS_IN
emp_401,role_Senior_Financial_Analyst,HAS_ROLE
emp_401,loc_Casablanca,BASED_IN
emp_401,emp_17,REPORTS_TO
emp_402,dept_Data,WORKS_IN
emp_402,role_Data_Scientist,HAS_ROLE
emp_402,loc_Paris,BASED_IN
emp_402,emp_30,REPORTS_TO
emp_403,dept_Security,WORKS_IN
emp_403,role_Security_Engineer,HAS_ROLE
emp_403,loc_London,BASED_IN
emp_403,emp_29,REPORTS_TO
emp_404,dept_Operations,WORKS_IN
emp_404,role_Senior_Operations_Manager,HAS_ROLE
emp_404,loc_Tunis,BASED_IN
emp_404,emp_26,REPORTS_TO
emp_405,dept_Operations,WORKS_IN
emp_405,role_Senior_Operations_Manager,HAS_ROLE
emp_405,loc_Casablanca,BASED_IN
emp_405,emp_27,REPORTS_TO
emp_406,dept_Engineering,WORKS_IN
emp_406,role_Software_Engineer,HAS_ROLE
emp_406,loc_Paris,BASED_IN
emp_406,emp_12,REPORTS_TO
emp_407,dept_Operations,WORKS_IN
emp_407,role_Project_Manager,HAS_ROLE
emp_407,loc_Madrid,BASED_IN
emp_407,emp_26,REPORTS_TO
emp_408,dept_Sales,WORKS_IN
emp_408,role_Account_Executive,HAS_ROLE
emp_408,loc_Paris,BASED_IN
emp_408,emp_22,REPORTS_TO
emp_409,dept_Finance,WORKS_IN
emp_409,role_Financial_Analyst,HAS_ROLE
emp_409,loc_Berlin,BASED_IN
emp_409,emp_18,REPORTS_TO
emp_410,dept_Product,WORKS_IN
emp_410,role_Product_Manager,HAS_ROLE
emp_410,loc_Berlin,BASED_IN
emp_410,emp_14,REPORTS_TO
emp_411,dept_Operations,WORKS_IN
emp_411,role_Operations_Analyst,HAS_ROLE
emp_411,loc_Madrid,BASED_IN
emp_411,emp_26,REPORTS_TO
emp_412,dept_Product,WORKS_IN
emp_412,role_Senior_Product_Manager,HAS_ROLE
emp_412,loc_Dubai,BASED_IN
emp_412,emp_15,REPORTS_TO
emp_413,dept_Finance,WORKS_IN
emp_413,role_Accountant,HAS_ROLE
emp_413,loc_London,BASED_IN
emp_413,emp_17,REPORTS_TO
emp_414,dept_Finance,WORKS_IN
emp_414,role_Accountant,HAS_ROLE
emp_414,loc_Madrid,BASED_IN
emp_414,emp_18,REPORTS_TO
emp_415,dept_Data,WORKS_IN
emp_415,role_Senior_Data_Scientist,HAS_ROLE
emp_415,loc_Paris,BASED_IN
emp_415,emp_30,REPORTS_TO
emp_416,dept_Legal,WORKS_IN
emp_416,role_Associate_General_Counsel,HAS_ROLE
emp_416,loc_Amsterdam,BASED_IN
emp_416,emp_8,REPORTS_TO
emp_417,dept_Product,WORKS_IN
emp_417,role_Senior_Product_Manager,HAS_ROLE
emp_417,loc_Amsterdam,BASED_IN
emp_417,emp_16,REPORTS_TO
emp_418,dept_Engineering,WORKS_IN
emp_418,role_QA_Engineer,HAS_ROLE
emp_418,loc_Berlin,BASED_IN
emp_418,emp_13,REPORTS_TO
emp_419,dept_Sales,WORKS_IN
emp_419,role_Sales_Development_Rep,HAS_ROLE
emp_419,loc_Casablanca,BASED_IN
emp_419,emp_21,REPORTS_TO
emp_420,dept_Data,WORKS_IN
emp_420,role_Data_Analyst,HAS_ROLE
emp_420,loc_Tunis,BASED_IN
emp_420,emp_30,REPORTS_TO
emp_11,dept_Data,MANAGES
emp_2,dept_Engineering,MANAGES
emp_1,dept_Executive,MANAGES
emp_4,dept_Finance,MANAGES
emp_5,dept_HR,MANAGES
emp_8,dept_Legal,MANAGES
emp_7,dept_Marketing,MANAGES
emp_9,dept_Operations,MANAGES
emp_3,dept_Product,MANAGES
emp_6,dept_Sales,MANAGES
emp_10,dept_Security,MANAGES
